id,value
5/1/10,26.4413027280409
4/1/09,22.185209657710423
9/1/13,5.680933317861455
1/1/06,3.696485478077528
2/1/07,8.092486180409578
8/1/12,13.583752485313289
6/1/14,25.12394915760239
3/1/08,15.147349003192533
12/1/04,0.7049002618876914
7/1/11,21.23576061432165
