id,value
5/1/10,25.902740254651338
4/1/09,22.297055765920717
9/1/13,5.97928205671364
1/1/06,3.5066226121653035
2/1/07,6.81985474852878
8/1/12,13.22890566029514
6/1/14,23.703659251873443
3/1/08,14.98152794782554
12/1/04,1.2961554199928726
7/1/11,20.089000046912318
